[
    {
        "0": 2222,
        "1": "Sriya",
        "2": 1677715200000,
        "3": 962236800000,
        "4": "resigned",
        "5": "Lokesh"
    },
    {
        "0": 5555,
        "1": "kumar",
        "2": 1660867200000,
        "3": 1235606400000,
        "4": "resigned",
        "5": "Lokesh"
    },
    {
        "0": 6969,
        "1": "champ",
        "2": 1662595200000,
        "3": 968371200000,
        "4": "working",
        "5": "Kumar"
    },
    {
        "0": 7777,
        "1": "Shiv",
        "2": 1693180800000,
        "3": 928195200000,
        "4": "working",
        "5": "Lokesh"
    },
    {
        "0": 8881,
        "1": "Bhargav",
        "2": 1639612800000,
        "3": 934502400000,
        "4": "working",
        "5": "Sai"
    },
    {
        "0": 8888,
        "1": "Kiran",
        "2": 1644537600000,
        "3": 856828800000,
        "4": "working",
        "5": "Sai"
    },
    {
        "0": 9876,
        "1": "Krishna",
        "2": 1693353600000,
        "3": 1265155200000,
        "4": "resigned",
        "5": "Lokesh"
    },
    {
        "0": 9901,
        "1": "Anirudh",
        "2": 1692144000000,
        "3": 1051920000000,
        "4": "working",
        "5": "Bhargav"
    },
    {
        "0": 9902,
        "1": "Varun",
        "2": 1677196800000,
        "3": 952214400000,
        "4": "working",
        "5": "Srikanth"
    },
    {
        "0": 9994,
        "1": "Hari",
        "2": 1693872000000,
        "3": 1078790400000,
        "4": "resigned",
        "5": "Bhargav"
    },
    {
        "0": 9999,
        "1": "Raju",
        "2": 1683158400000,
        "3": 1041379200000,
        "4": "resigned",
        "5": "Lokesh"
    }
]